{"cameraMode":{"drawMode":0,"name":"Shaded","section":"Shading Mode"},"sceneLighting":true,"audioPlay":false,"sceneViewState":{"showFog":true,"showMaterialUpdate":false,"showSkybox":true,"showFlares":true,"showImageEffects":true,"showParticleSystems":true},"in2DMode":false,"pivot":{"x":699.26806640625,"y":376.90484619140627,"z":19.106201171875},"rotation":{"x":-0.06326805055141449,"y":-0.0009004733292385936,"z":0.00005711684570997022,"w":-0.9979962110519409},"size":1540.6351318359375,"orthographic":false}